"Designator","Footprint","Mid X","Mid Y","Ref X","Ref Y","Pad X","Pad Y","Layer","Rotation","Comment"
""
"R27","res,_0805,_HD","54.7mm","17.455mm","54.7mm","17.455mm","54.7mm","18.405mm","T","270.00","CR0805-J/-000ELF"
"M2","Standoff,Hex,M3,8mm","63mm","4.73mm","64.356mm","4.559mm","63mm","4.73mm","B","180.00","M3 hex Standoff"
"M4","Standoff,Hex,M3,8mm","63mm","30.73mm","63mm","30.73mm","63mm","30.73mm","B","180.00","M3 hex Standoff"
"J4","TERM_BLOCK_2POS_SIDE_ENTRY_5MM","33.46mm","5.7252mm","36mm","5.7252mm","36mm","5.7252mm","B","0.00","TE Connectivity 282836-2"
"J3","CONNECTOR,TerminalBlock,3_POS,1935174","17.5mm","5.705mm","17.5mm","5.705mm","12.5mm","5.705mm","B","0.00","1935174"
"D2","SOD123","5.884mm","16.23mm","5.884mm","16.23mm","5.884mm","17.865mm","T","270.00","MBR0560"
"D1","LED,SMD,Bottom_Entry,1206","18.184mm","29.4425mm","16.384mm","29.43mm","16.384mm","29.43mm","T","360.00","LTST-C230KGKT"
"C1","Cap,0805","49.502mm","13.322mm","49.502mm","13.322mm","48.552mm","13.322mm","T","360.00","08055C104JAT2A"
"C2","Cap,0805","20.866mm","26.149mm","20.866mm","26.149mm","21.816mm","26.149mm","T","180.00","08055C104JAT2A"
"C3","Cap,0805","20.866mm","23.736mm","20.866mm","23.736mm","21.816mm","23.736mm","T","180.00","08055C104JAT2A"
"C4","Cap,0805","41.882mm","23.355mm","41.882mm","23.355mm","42.832mm","23.355mm","T","180.00","08055C104JAT2A"
"C6","Cap,0805","46.962mm","23.99mm","46.962mm","23.99mm","46.962mm","24.94mm","T","270.00","08055C104JAT2A"
"C7","Cap,0805","42.517mm","31.229mm","42.517mm","31.229mm","42.517mm","30.279mm","T","90.00","08055C104JAT2A"
"C8","Cap,0805","29.436mm","31.229mm","29.436mm","31.229mm","29.436mm","30.279mm","T","90.00","08055C104JAT2A"
"C9","Cap,0805","40.358mm","27.165mm","40.358mm","27.165mm","40.358mm","26.215mm","T","90.00","08055C104JAT2A"
"C10","Cap,0805","34.135mm","27.292mm","34.135mm","27.292mm","34.135mm","28.242mm","T","270.00","08055C104JAT2A"
"C12","Cap,0805","28.166mm","13.322mm","28.166mm","13.322mm","28.166mm","14.272mm","T","270.00","08055C104JAT2A"
"C13","Cap,0805","10.513mm","21.958mm","10.513mm","21.958mm","9.563mm","21.958mm","T","360.00","08055C104JAT2A"
"C14","Cap,0805","13.307mm","12.687mm","13.307mm","12.687mm","13.307mm","11.737mm","T","90.00","Cap"
"C15","Cap,0805","10.513mm","19.545mm","10.513mm","19.545mm","9.563mm","19.545mm","T","360.00","Cap"
"J1","CONNECTOR,TerminalBlock,3_POS,1935174","49.5mm","5.705mm","49.5mm","5.705mm","44.5mm","5.705mm","B","0.00","1935174"
"J2","Header,3POS,0.1",Vert","41.034mm","12.505mm","41.034mm","12.505mm","38.494mm","12.505mm","T","360.00","Generic Header"
"M1","Standoff,Hex,M3,8mm","4mm","30.73mm","4mm","30.73mm","4mm","30.73mm","B","90.00","M3 hex Standoff"
"Q1","SOT23-3","24.864mm","23.99mm","24.864mm","23.99mm","23.9064mm","22.9312mm","T","180.00","SMBT2222A"
"Q2","SOT23-3","16.482mm","18.148mm","16.482mm","18.148mm","15.5244mm","17.0892mm","T","180.00","2N7002ET1G"
"Q3","SOT23-3","10.386mm","16.497mm","10.386mm","16.497mm","11.4448mm","15.5394mm","T","270.00","NPN"
"R1","res,_0805,_HD","20.673mm","15.1mm","20.673mm","15.1mm","21.623mm","15.1mm","T","180.00","Vishay / Dale CRCW080510K0FKTA"
"R2","res,_0805,_HD","24.864mm","26.784mm","24.864mm","26.784mm","23.914mm","26.784mm","T","360.00","Vishay CRCW08051K00JNEA"
"R3","res,_0805,_HD","16.355mm","22.974mm","16.355mm","22.974mm","17.305mm","22.974mm","T","180.00","Vishay / Dale CRCW080510K0FKTA"
"R4","res,_0805,_HD","50.184mm","21.0684mm","50.184mm","21.0684mm","51.134mm","21.0684mm","T","180.00","Vishay / Dale CRCW080510K0FKTA"
"R5","res,_0805,_HD","13.688mm","19.926mm","13.688mm","19.926mm","13.688mm","18.976mm","T","90.00","Vishay CRCW08051K00JNEA"
"R6","res,_0805,_HD","49.375mm","18.148mm","49.375mm","18.148mm","49.375mm","17.198mm","T","90.00","CRCW0805100KFKEA"
"R7","res,_0805,_HD","44.803mm","23.99mm","44.803mm","23.99mm","44.803mm","23.04mm","T","90.00","Vishay / Dale CRCW080510K0FKTA"
"R8","res,_0805,_HD","25.118mm","15.1mm","25.118mm","15.1mm","26.068mm","15.1mm","T","180.00","CRGCQ0805F15K"
"R9","res,_0805,_HD","51.407mm","18.148mm","51.407mm","18.148mm","51.407mm","17.198mm","T","90.00","Vishay Dale CRCW0805221RFKTA"
"R10","res,_0805,_HD","16.482mm","15.354mm","16.482mm","15.354mm","15.532mm","15.354mm","T","360.00","Vishay Dale CRCW0805221RFKTA"
"R24","res,_0805,_HD","34.643mm","13.195mm","34.643mm","13.195mm","34.643mm","14.145mm","T","270.00","Vishay CRCW08051K00JNEA"
"R11","res,_0805,_HD","16.355mm","25.006mm","16.355mm","25.006mm","15.405mm","25.006mm","T","0.00","Vishay CRCW08051K00JNEA"
"R12","res,_0805,_HD","42.517mm","27.038mm","42.517mm","27.038mm","42.517mm","26.088mm","T","90.00","CRCW0805681RFKEA"
"R13","res,_0805,_HD","10.513mm","11.671mm","10.513mm","11.671mm","9.563mm","11.671mm","T","360.00","Res1"
"R14","res,_0805,_HD","5.884mm","11.63mm","5.884mm","11.63mm","5.884mm","10.68mm","T","90.00","CR0805-J/-000ELF"
"R15","res,_0805,_HD","36.294mm","27.292mm","36.294mm","27.292mm","36.294mm","28.242mm","T","270.00","Vishay / Dale CRCW080510K0FKTA"
"R16","res,_0805,_HD","10.513mm","13.703mm","10.513mm","13.703mm","9.563mm","13.703mm","T","360.00","Vishay CRCW08051K00JNEA"
"R18","res,_0805,_HD","31.976mm","31.102mm","31.976mm","31.102mm","31.976mm","32.052mm","T","270.00","CRGCQ0805F15K"
"R20","res,_0805,_HD","27.785mm","26.784mm","27.785mm","26.784mm","27.785mm","27.734mm","T","270.00","Vishay / Dale CRCW080510K0FKTA"
"R21","res,_0805,_HD","13.307mm","16.37mm","13.307mm","16.37mm","13.307mm","17.32mm","T","270.00","Vishay CRCW08051K00JNEA"
"R22","res,_0805,_HD","10.64mm","24.117mm","10.64mm","24.117mm","11.59mm","24.117mm","T","180.00","Res,0805,100kO,1%,100ppm,CRCW0805100KFKEA"
"R23","res,_0805,_HD","16.355mm","20.942mm","16.355mm","20.942mm","17.305mm","20.942mm","T","180.00","CR0805-JW-105ELF"
"U1","SOIC-8","22.832mm","19.164mm","22.832mm","19.164mm","20.432mm","21.069mm","T","360.00","LM393DT"
"U2","SOIC-8","44.295mm","19.164mm","44.295mm","19.164mm","41.895mm","21.069mm","T","360.00","MCP6N11T-010E/SN"
"U3","SOT23-5","30.452mm","26.911mm","30.452mm","26.911mm","29.5021mm","25.6108mm","T","180.00","TLV9001IDBVR"
"U4","SOT23-3","39.342mm","31.356mm","39.342mm","31.356mm","38.3844mm","30.2972mm","T","180.00","Shunt Regulator,2.5Vdc TL431IDBZT"
"S1","2SMPP03,6-SMD_Module","33.5mm","19.291mm","33.5mm","19.291mm","37.875mm","18.021mm","T","180.00","2SMPP03"
"M3","Standoff,Hex,M3,8mm","4mm","4.73mm","4mm","4.73mm","4mm","4.73mm","B","180.00","M3 hex Standoff"
"R17","Res,SMD,POT,TC33_Series","31.3839mm","13.8376mm","31.384mm","13.93mm","32.3839mm","15.4876mm","T","180.00","Comment"
"D3","LED,SMD,Bottom_Entry,1206","11.326mm","29.4425mm","9.526mm","29.43mm","9.526mm","29.43mm","T","360.00","LTST-C230KGKT"
"R19","res,_0805,_HD","10.64mm","26.56mm","10.64mm","26.56mm","11.59mm","26.56mm","T","180.00","Vishay Dale CRCW0805221RFKTA"
"M5","Standoff,Hex,M3,8mm","51mm","-11.2748mm","49.5mm","-11.2748mm","51mm","-11.2748mm","T","0.00","M3 hex Standoff"
"M6","Standoff,Hex,M3,8mm","16mm","-11.2748mm","14.5mm","-11.2748mm","16mm","-11.2748mm","T","0.00","M3 hex Standoff"
"C11","Cap,0805","27.184mm","31.2252mm","27.184mm","31.2252mm","27.184mm","30.2752mm","T","90.00","08055C104JAT2A"
"R25","Res,TH,POT,TopAdj","56.934mm","18.9752mm","56.934mm","18.9752mm","56.934mm","21.4752mm","B","270.00","CT94EW103"
"R26","res,_0805,_HD","50.184mm","22.9752mm","50.184mm","22.9752mm","51.134mm","22.9752mm","T","180.00","Vishay / Dale CRCW080510K0FKTA"
"C5","Cap,0805","53.184mm","22.0219mm","53.184mm","22.0219mm","53.184mm","21.0719mm","T","90.00","08055C104JAT2A"

